{
  "ビビヨン": 1.0,
  "ポットデス": 1.2431655704858713,
  "アシレーヌ": 2.660989051598163,
  "ユキノオー": 0.5625,
  "ソウブレイズ": 1.0926259896848478,
  "エアームド": 0.5682529247152956,
  "カエンジシ": 0.32588839530944824,
  "ギャラドス": 1.606378922185464,
  "ヒートロトム": 1.2802631228207608,
  "ジャローダ": 0.32139953613281247,
  "ハリーマン": 0.1,
  "マフォクシー": 0.5967194738332182,
  "バイバニラ": 0.3476142883300781,
  "ドリュウズ": 0.6365007720887661,
  "ガブリアス": 8.384758590728756,
  "オオニューラ": 0.4773755790665746,
  "サザンドラ": 6.1798095703125,
  "リザードン": 0.11857384921585948,
  "イダイトウ(オス)": 0.30173140701504025,
  "ニンフィア": 0.33565470403118525,
  "サーナイト": 0.9484062890296436,
  "ペリッパー": 0.421875,
  "ガメノデス": 0.33565470403118525,
  "ウルガモス": 1.171875,
  "ジュカイン": 0.5967194738332182,
  "ミロカロス": 0.4073604941368103,
  "ドデカバシ": 0.9655952453613281,
  "スコヴィラン": 0.5793571472167969,
  "イダイトウ(メス)": 1.6978937647428163,
  "バンギラス": 0.18195430043401173,
  "ウツボット": 0.3457136920487214,
  "クチート": 0.32307592735125595,
  "ゲンガー": 0.25174102802338894,
  "ヤバソチャ": 0.11393342897674029,
  "ユキメノコ": 0.15642642974853516,
  "アーマーガア": 0.12978036685318273,
  "オーロンゲ": 0.270375764277464,
  "ブリジュラス": 0.6281615300112681,
  "フシギバナ": 0.3605010190366187,
  "ブラッキー": 0.18331222236156464,
  "ガオガエン": 0.3076275362445813,
  "ゲッコウガ": 0.8486676961183548,
  "フラエッテ(えいえん)": 0.28642534743994474,
  "エルフーン": 0.1,
  "ラウドボーン": 2.1754103657660653,
  "コノヨザル": 1.2086738539224746,
  "ドラミドロ": 0.1,
  "ガルーラ": 0.2996646282678317,
  "ミミズズ": 0.1260042388457805,
  "ミミッキュ": 0.2685237632249482,
  "ヤミラミ": 0.28642534743994474,
  "ペンドラー": 0.12083569345122669,
  "ムクホーク": 0.3055203706026077,
  "グレンアルマ": 0.2643193471576487,
  "ガラルヤドキング": 1.71661376953125,
  "エンペルト": 0.3025082080301448,
  "カバルドン": 0.4450926630647411,
  "スターミー": 0.2780914306640625,
  "ウォッシュロトム": 0.24307993972175723,
  "ハッサム": 0.17185520846396685,
  "マスカーニャ": 0.47607136586435816,
  "オニシズクモ": 0.5967194738332182,
  "ブリガロン": 0.4710021222722953,
  "ホルード": 0.41017004832610837,
  "ズルズキン": 0.24441629648208618,
  "カットロトム": 0.7202368584348362,
  "ローブシン": 0.2970436863399872,
  "ヒスイダイケンキ": 3.1245597863998333,
  "キラフロル": 0.43451786041259766,
  "ドドゲザン": 10.0,
  "サーフゴー": 1.397521111368606,
  "シャンデラ": 0.2780914306640625,
  "カイリュー": 0.3049820327913996,
  "エルレイド": 0.28642534743994474,
  "ギルガルド(シールド)": 0.3911025674504641,
  "ドラパルト": 0.1318359375,
  "アローラライチュウ": 0.4321421150609017,
  "クエスパトラ": 0.20856857299804688,
  "エレザード": 0.20139282241871115,
  "ハラバリー": 0.20139282241871115,
  "ブリムオン": 0.47476550726905714,
  "ラグラージ": 0.22239251225983026,
  "ヒスイゾロアーク": 0.19553303718566895,
  "ルカリオ": 0.994532456388697,
  "ヤドラン": 7.22570959364949,
  "カビゴン": 0.296630859375,
  "ミミロップ": 0.28642534743994474,
  "ヒスイヌメルゴン": 9.165,
  "カメックス": 2.016578682985086,
  "アローラキュウコン": 1.0,
  "ライチュウ": 0.24441629648208618,
  "メガニウム": 0.1668548583984375,
  "マリルリ": 0.17621871961637225,
  "メタグロス": 0.125,
  "マンムー": 0.2534772790101225,
  "バシャーモ": 6.008110625747539,
  "ピクシー": 0.4691165395536604,
  "ドヒドイデ": 0.1,
  "ジュペッタ": 0.3055203706026077,
  "シビルドン": 0.2685237632249482,
  "バサギリ": 0.5594245067186421,
  "ギルガルド": 0.2517182877449785,
  "メタモン": 1.0,
  "ギルガルド(ブレード)": 0.7169714680593422
}