{
  "ミミロップ": 0.7241964340209961,
  "ラウドボーン": 10.0,
  "ジャローダ": 0.342826171875,
  "マフォクシー": 0.4073604941368103,
  "ガメノデス": 0.8486676961183548,
  "サーナイト": 0.8137559460962007,
  "ローブシン": 0.583352957619354,
  "メタグロス": 0.425816847881145,
  "カメックス": 4.7835534266234445,
  "カビゴン": 0.421875,
  "ハッサム": 0.18331222236156464,
  "ドヒドイデ": 0.11734849637952363,
  "ライチュウ": 0.3476142883300781,
  "ユキノオー": 0.5625,
  "ヤドラン": 0.7724761962890625,
  "コノヨザル": 0.8545209340127256,
  "ヒスイヌメルゴン": 1.0,
  "サーフゴー": 0.9464967335252638,
  "アシレーヌ": 2.274495339848597,
  "ルカリオ": 0.7241964340209961,
  "マスカーニャ": 1.1764946084667567,
  "オーロンゲ": 0.5468933977681445,
  "ニンフィア": 0.8486676961183548,
  "ペリッパー": 0.5625,
  "バンギラス": 0.37011089017616244,
  "ジュカイン": 0.61798095703125,
  "ガオガエン": 0.7079744338989258,
  "ガラルヤドキング": 1.0,
  "リザードン": 0.22579012297983647,
  "イダイトウ(メス)": 2.589928271845565,
  "ドデカバシ": 0.7724761962890625,
  "ラグラージ": 0.5115049135531926,
  "スターミー": 0.22247314453125,
  "ポットデス": 1.6093254089355469,
  "ウォッシュロトム": 1.0926259896848478,
  "ドリュウズ": 0.61798095703125,
  "フシギバナ": 0.6836167472101806,
  "ブリジュラス": 1.152551836617436,
  "サザンドラ": 3.793757043962679,
  "クエスパトラ": 0.22247314453125,
  "カエンジシ": 0.4634857177734375,
  "ヒスイゾロアーク": 0.2373046875,
  "ガブリアス": 2.589928271845565,
  "アーマーガア": 0.4666823660954833,
  "バイバニラ": 0.494384765625,
  "ヒートロトム": 1.6347225755453105,
  "シビルドン": 0.43451786041259766,
  "ミミッキュ": 0.5431473255157471,
  "ズルズキン": 0.5793571472167969,
  "カットロトム": 1.0608346201479435,
  "ゲンガー": 0.28642534743994474,
  "ギルガルド(シールド)": 0.20737935019523174,
  "バシャーモ": 7.170990243352174,
  "メタモン": 1.0,
  "ミミズズ": 0.296630859375,
  "ムクホーク": 0.4634857177734375,
  "アローラキュウコン": 1.0,
  "ウルガモス": 1.171875,
  "フラエッテ(えいえん)": 0.43451786041259766,
  "ブリガロン": 0.5294684376279731,
  "ユキメノコ": 0.20856857299804688,
  "ハラバリー": 0.35803168429993093,
  "シャンデラ": 0.9375,
  "ウツボット": 0.9323741778644035,
  "ミロカロス": 0.9655952453613281,
  "ギルガルド": 0.7604062557220459,
  "ホルード": 1.179957389831543,
  "メガニウム": 0.177978515625,
  "ギルガルド(ブレード)": 2.987550491419461,
  "オオニューラ": 0.3476142883300781,
  "ブリムオン": 1.2431655704858713,
  "キラフロル": 0.43451786041259766,
  "エアームド": 0.9195314487442374,
  "ブラッキー": 0.4634857177734375,
  "ドラミドロ": 0.2291402779519558,
  "ガルーラ": 0.6061364530296487,
  "エレザード": 0.5431473255157471,
  "カイリュー": 0.5986763370850822,
  "ジュペッタ": 0.2607107162475586,
  "アローラライチュウ": 1.2431655704858713,
  "マンムー": 0.9722549293655902,
  "ペンドラー": 0.38190046325325966,
  "マリルリ": 0.5092006176710129,
  "イダイトウ(オス)": 1.9289029833391425,
  "エンペルト": 2.391411444021917,
  "クチート": 0.125,
  "ヒスイダイケンキ": 1.0,
  "ピクシー": 0.7765053630000578,
  "カバルドン": 0.9603158112464483,
  "ギャラドス": 0.9263097862372769,
  "ドドゲザン": 9.165,
  "ハリーマン": 0.12514114379882812,
  "スコヴィラン": 0.52734375,
  "オニシズクモ": 0.6789341568946838,
  "バサギリ": 0.38190046325325966,
  "ゲッコウガ": 0.3476142883300781,
  "ドラパルト": 0.2150963991880417,
  "エルフーン": 0.10157812499999999,
  "グレンアルマ": 0.5833529576193539,
  "ソウブレイズ": 0.4773755790665746,
  "ヤミラミ": 0.5431473255157471,
  "ヤバソチャ": 0.16856135340065526,
  "ビビヨン": 1.0,
  "エルレイド": 0.9052455425262451
}