{
  "ミミロップ": 0.7241964340209961,
  "ラウドボーン": 10.0,
  "ジャローダ": 0.42853271484375,
  "マフォクシー": 0.4073604941368103,
  "ガメノデス": 0.8486676961183548,
  "サーナイト": 0.6103169595721505,
  "ローブシン": 0.9114889962802407,
  "メタグロス": 0.597189100462916,
  "カメックス": 2.6907488024756874,
  "カビゴン": 0.52734375,
  "ハッサム": 0.18331222236156464,
  "ドヒドイデ": 0.10835,
  "ライチュウ": 0.3476142883300781,
  "ユキノオー": 0.5625,
  "ヤドラン": 0.9655952453613281,
  "コノヨザル": 1.068151167515907,
  "ヒスイヌメルゴン": 1.0,
  "サーフゴー": 0.9114830328657808,
  "アシレーヌ": 1.9743050282440804,
  "ルカリオ": 0.7241964340209961,
  "マスカーニャ": 1.3623697269675494,
  "オーロンゲ": 0.5468933977681445,
  "ニンフィア": 0.8486676961183548,
  "ペリッパー": 0.5625,
  "バンギラス": 0.4240082885580661,
  "ジュカイン": 0.7724761962890625,
  "ガオガエン": 0.5309808254241943,
  "ガラルヤドキング": 1.0,
  "リザードン": 0.35279706715599446,
  "イダイトウ(メス)": 3.2374103398069565,
  "ドデカバシ": 0.7724761962890625,
  "ラグラージ": 0.47953585645611807,
  "スターミー": 0.22247314453125,
  "ポットデス": 1.6093254089355469,
  "ウォッシュロトム": 1.0926259896848478,
  "ドリュウズ": 0.7724761962890625,
  "フシギバナ": 0.6836167472101806,
  "ブリジュラス": 0.8644138774630771,
  "サザンドラ": 4.445809035893764,
  "クエスパトラ": 0.22247314453125,
  "カエンジシ": 0.4634857177734375,
  "ヒスイゾロアーク": 0.2373046875,
  "ガブリアス": 1.9424462038841739,
  "アーマーガア": 0.5833529576193541,
  "バイバニラ": 0.37078857421875,
  "ヒートロトム": 1.6347225755453105,
  "シビルドン": 0.5431473255157471,
  "ミミッキュ": 0.6789341568946838,
  "ズルズキン": 0.5793571472167969,
  "カットロトム": 1.6575540939811617,
  "ゲンガー": 0.28642534743994474,
  "ギルガルド(シールド)": 0.15553451264642382,
  "バシャーモ": 6.722803353142663,
  "メタモン": 1.0,
  "ミミズズ": 0.37078857421875,
  "ムクホーク": 0.4634857177734375,
  "アローラキュウコン": 1.0,
  "ウルガモス": 1.171875,
  "フラエッテ(えいえん)": 0.43451786041259766,
  "ブリガロン": 0.6618355470349664,
  "ユキメノコ": 0.20856857299804688,
  "ハラバリー": 0.35803168429993093,
  "シャンデラ": 0.9375,
  "ウツボット": 0.9323741778644035,
  "ミロカロス": 0.7241964340209961,
  "ギルガルド": 0.7604062557220459,
  "ホルード": 1.4749467372894287,
  "メガニウム": 0.177978515625,
  "ギルガルド(ブレード)": 2.2406628685645957,
  "オオニューラ": 0.43451786041259766,
  "ブリムオン": 0.9323741778644035,
  "キラフロル": 0.43451786041259766,
  "エアームド": 0.9195314487442374,
  "ブラッキー": 0.4634857177734375,
  "ドラミドロ": 0.2291402779519558,
  "ガルーラ": 0.6061364530296487,
  "エレザード": 0.5431473255157471,
  "カイリュー": 0.6360936081528998,
  "ジュペッタ": 0.2607107162475586,
  "アローラライチュウ": 0.8741007917478782,
  "マンムー": 0.7291911970241927,
  "ペンドラー": 0.38190046325325966,
  "マリルリ": 0.6365007720887661,
  "イダイトウ(オス)": 1.9289029833391425,
  "エンペルト": 1.7935585830164378,
  "クチート": 0.15625,
  "ヒスイダイケンキ": 1.0,
  "ピクシー": 0.7765053630000578,
  "カバルドン": 0.7202368584348362,
  "ギャラドス": 0.5210492547584682,
  "ドドゲザン": 10.0,
  "ハリーマン": 0.12514114379882812,
  "スコヴィラン": 0.52734375,
  "オニシズクモ": 0.6789341568946838,
  "バサギリ": 0.38190046325325966,
  "ゲッコウガ": 0.3476142883300781,
  "ドラパルト": 0.12099172454327345,
  "エルフーン": 0.1,
  "グレンアルマ": 0.5833529576193539,
  "ソウブレイズ": 0.4773755790665746,
  "ヤミラミ": 0.5431473255157471,
  "ヤバソチャ": 0.16856135340065526,
  "ビビヨン": 1.0,
  "エルレイド": 0.9052455425262451
}