{
  "ユキメノコ": 0.20856857299804688,
  "サーナイト": 0.7857588724350006,
  "バイバニラ": 0.4634857177734375,
  "ピクシー": 0.4691165395536604,
  "ドドゲザン": 7.137862870877141,
  "カットロトム": 0.576189486747869,
  "ガブリアス": 9.690431705541227,
  "マスカーニャ": 1.1207357758258747,
  "エルフーン": 0.140625,
  "ドリュウズ": 1.1315569281578064,
  "フラエッテ(えいえん)": 0.38190046325325966,
  "ニンフィア": 0.44753960537491366,
  "スターミー": 0.2780914306640625,
  "サーフゴー": 1.0932194439307712,
  "ブリジュラス": 0.9299002165281085,
  "ブリガロン": 0.5061779092861791,
  "シャンデラ": 0.494384765625,
  "ペンドラー": 0.16111425793496892,
  "ヒートロトム": 1.4798253247794153,
  "リザードン": 0.1354375,
  "イダイトウ(メス)": 0.9272763813848768,
  "エアームド": 0.6061364530296487,
  "メタモン": 1.0,
  "ライチュウ": 0.24441629648208618,
  "ヒスイヌメルゴン": 9.5,
  "ミミズズ": 0.13748416677117348,
  "カメックス": 5.118702515346815,
  "ヤバソチャ": 0.1041677064930197,
  "ウツボット": 0.6146021191977269,
  "アーマーガア": 0.3076275362445813,
  "ドラパルト": 0.13216600752685248,
  "ラグラージ": 0.1953125,
  "アシレーヌ": 2.6666569269174762,
  "ガオガエン": 0.3500117745716125,
  "マンムー": 0.28840081522929495,
  "ポットデス": 1.3260432751849294,
  "ウォッシュロトム": 0.3241065862956763,
  "スコヴィラン": 0.6591796875,
  "ラウドボーン": 6.399421875,
  "ミミロップ": 0.4073604941368103,
  "フシギバナ": 0.3845344203057266,
  "ギャラドス": 0.7985352934919325,
  "イダイトウ(オス)": 0.5364113902489605,
  "コノヨザル": 0.6188410132083069,
  "ドヒドイデ": 0.125,
  "ヒスイダイケンキ": 8.93959374939186,
  "ウルガモス": 1.171875,
  "カビゴン": 0.296630859375,
  "ゲンガー": 0.33565470403118525,
  "ハッサム": 0.2291402779519558,
  "ヤドラン": 3.7415830433928927,
  "ガメノデス": 0.5967194738332182,
  "メガニウム": 0.1668548583984375,
  "ドラミドロ": 0.1,
  "ズルズキン": 0.24441629648208618,
  "メタグロス": 0.15625,
  "マリルリ": 0.2685237632249482,
  "ビビヨン": 1.0,
  "ガラルヤドキング": 1.46484375,
  "アローラライチュウ": 0.8194694922636359,
  "ジュカイン": 0.5092006176710129,
  "ソウブレイズ": 0.5967194738332182,
  "カバルドン": 0.5934568840863215,
  "ルカリオ": 0.6365007720887661,
  "ギルガルド(ブレード)": 0.7169714680593422,
  "エルレイド": 0.28642534743994474,
  "ハラバリー": 0.20139282241871115,
  "ギルガルド(シールド)": 0.3128820539603713,
  "ペリッパー": 0.421875,
  "カイリュー": 0.3566519421351735,
  "ムクホーク": 0.4073604941368103,
  "ブリムオン": 0.5401776438261272,
  "エンペルト": 0.26946839612073287,
  "バンギラス": 0.483098611690368,
  "クチート": 0.16163638747457293,
  "ヒスイゾロアーク": 0.2607107162475586,
  "ユキノオー": 0.5625,
  "ギルガルド": 0.9789928867576236,
  "カエンジシ": 0.43451786041259766,
  "ハリーマン": 0.11731982231140137,
  "ローブシン": 0.2534772790101224,
  "キラフロル": 0.43451786041259766,
  "ミロカロス": 0.4073604941368103,
  "マフォクシー": 0.6365007720887661,
  "バサギリ": 0.7458993422915228,
  "アローラキュウコン": 1.0,
  "ミミッキュ": 0.4773755790665746,
  "ホルード": 0.5833529576193541,
  "オオニューラ": 0.5092006176710129,
  "ガルーラ": 0.5327371169205897,
  "サザンドラ": 7.03125,
  "ゲッコウガ": 0.5431473255157471,
  "ジュペッタ": 0.32588839530944824,
  "クエスパトラ": 0.22247314453125,
  "オニシズクモ": 0.6365007720887661,
  "ドデカバシ": 0.7724761962890625,
  "エレザード": 0.35803168429993093,
  "ヤミラミ": 0.5092006176710129,
  "グレンアルマ": 0.28840081522929484,
  "バシャーモ": 4.395045965772044,
  "オーロンゲ": 0.28840081522929495,
  "シビルドン": 0.35803168429993093,
  "ジャローダ": 0.32139953613281247,
  "ブラッキー": 0.32588839530944824
}