{
  "サザンドラ": 3.4761428833007812,
  "フラエッテ(えいえん)": 0.35803168429993093,
  "ジュペッタ": 0.38190046325325966,
  "アローラキュウコン": 1.25,
  "シビルドン": 0.2685237632249482,
  "エルフーン": 0.109375,
  "カイリュー": 0.3049820327913996,
  "ガブリアス": 10.0,
  "リザードン": 0.1,
  "カメックス": 2.016578682985086,
  "メタグロス": 0.125,
  "ウルガモス": 0.87890625,
  "ギルガルド": 0.3146478596812231,
  "ピクシー": 0.4691165395536604,
  "エレザード": 0.20139282241871115,
  "ゲンガー": 0.3605010190366187,
  "エアームド": 0.5327371169205897,
  "エンペルト": 0.2599207243684009,
  "ジュカイン": 0.25174102802338894,
  "ビビヨン": 1.0,
  "カバルドン": 0.5563658288309263,
  "ムクホーク": 0.3055203706026077,
  "ゲッコウガ": 0.4773755790665746,
  "バンギラス": 0.18195430043401173,
  "ウツボット": 0.4321421150609017,
  "スコヴィラン": 0.43451786041259766,
  "ブリジュラス": 0.7017120213179925,
  "マリルリ": 0.14752810932883165,
  "グレンアルマ": 0.1362648834393666,
  "オーロンゲ": 0.33796970534683,
  "シャンデラ": 0.3476142883300781,
  "ペリッパー": 0.3955078125,
  "ドドゲザン": 10.0,
  "カエンジシ": 0.32588839530944824,
  "バシャーモ": 5.310418779332607,
  "バイバニラ": 0.3476142883300781,
  "メタモン": 1.0,
  "マスカーニャ": 0.5017673178368869,
  "ヤミラミ": 0.28642534743994474,
  "ライチュウ": 0.18331222236156464,
  "アーマーガア": 0.125,
  "カビゴン": 0.296630859375,
  "ラグラージ": 0.28614271585231216,
  "ガオガエン": 0.23072065218343596,
  "ミミロップ": 0.28642534743994474,
  "ハラバリー": 0.20139282241871115,
  "ヤドラン": 8.277953553224696,
  "ローブシン": 0.371304607924984,
  "ハリーマン": 0.1,
  "ドラパルト": 0.13391647338867185,
  "ヒスイヌメルゴン": 9.375,
  "ガラルヤドキング": 1.2874603271484375,
  "メガニウム": 0.1668548583984375,
  "ペンドラー": 0.12083569345122669,
  "イダイトウ(オス)": 0.30173140701504025,
  "ラウドボーン": 2.4922045002807485,
  "ガメノデス": 0.33565470403118525,
  "ブラッキー": 0.18331222236156464,
  "イダイトウ(メス)": 2.12236720592852,
  "ヒスイゾロアーク": 0.19553303718566895,
  "マフォクシー": 0.5967194738332182,
  "コノヨザル": 1.13313173805232,
  "フシギバナ": 0.270375764277464,
  "ドヒドイデ": 0.1,
  "ウォッシュロトム": 0.2278874434891474,
  "ドリュウズ": 0.5967194738332182,
  "サーナイト": 0.9484062890296436,
  "クチート": 0.32788672983197076,
  "スターミー": 0.2780914306640625,
  "ルカリオ": 1.553956963107339,
  "ジャローダ": 0.32139953613281247,
  "ソウブレイズ": 1.3562599101603343,
  "キラフロル": 0.43451786041259766,
  "ポットデス": 1.2431655704858713,
  "ドラミドロ": 0.10835,
  "ブリムオン": 0.47476550726905714,
  "カットロトム": 0.7202368584348362,
  "ミミッキュ": 0.2685237632249482,
  "バサギリ": 0.8741007917478782,
  "ズルズキン": 0.3055203706026077,
  "ギルガルド(シールド)": 0.2199951941908861,
  "ニンフィア": 0.33565470403118525,
  "オニシズクモ": 0.6836167472101806,
  "ブリガロン": 0.44156448963027684,
  "ヒスイダイケンキ": 3.6733105988863044,
  "マンムー": 0.2534772790101225,
  "クエスパトラ": 0.20856857299804688,
  "アシレーヌ": 3.5144182171463183,
  "オオニューラ": 0.4773755790665746,
  "ミロカロス": 0.4073604941368103,
  "ドデカバシ": 0.9655952453613281,
  "ミミズズ": 0.1,
  "アローラライチュウ": 0.5401776438261272,
  "ヤバソチャ": 0.1,
  "ヒートロトム": 1.1000260800611505,
  "ハッサム": 0.17185520846396685,
  "ギャラドス": 1.882475299436091,
  "ホルード": 0.41017004832610837,
  "ユキメノコ": 0.11731982231140137,
  "エルレイド": 0.28642534743994474,
  "ユキノオー": 0.5625,
  "サーフゴー": 1.3276450558001756,
  "ギルガルド(ブレード)": 0.43122473000012906,
  "ガルーラ": 0.2996646282678317
}