{
  "ライチュウ": 0.18331222236156464,
  "ドリュウズ": 0.7458993422915228,
  "シャンデラ": 0.32588839530944824,
  "ブリジュラス": 0.9338645519536725,
  "ピクシー": 0.4397967558315566,
  "ヤバソチャ": 0.1,
  "アローラライチュウ": 0.2278874434891474,
  "コノヨザル": 0.7967332533180376,
  "ギルガルド(ブレード)": 0.32431421676144573,
  "クチート": 0.32787017342414254,
  "カエンジシ": 0.3055203706026077,
  "ポットデス": 1.2431655704858713,
  "リザードン": 0.125,
  "ホルード": 0.5127125604076355,
  "ハリーマン": 0.1,
  "ローブシン": 0.3480980699296725,
  "ギルガルド(シールド)": 0.2199951941908861,
  "ガルーラ": 0.3745807853347896,
  "フラエッテ(えいえん)": 0.35803168429993093,
  "ドラパルト": 0.13420784634053703,
  "イダイトウ(オス)": 0.16972391644596013,
  "ミミズズ": 0.125,
  "グレンアルマ": 0.16766968079453315,
  "アーマーガア": 0.15625,
  "エアームド": 0.3745807853347896,
  "ヤミラミ": 0.28642534743994474,
  "ブラッキー": 0.18331222236156464,
  "ジャローダ": 0.24104965209960935,
  "ミミッキュ": 0.2685237632249482,
  "アローラキュウコン": 1.5625,
  "ブリガロン": 0.3288643437130891,
  "ガオガエン": 0.17304048913757697,
  "ウルガモス": 0.6591796875,
  "ビビヨン": 1.0,
  "マンムー": 0.2534772790101225,
  "ギャラドス": 2.2060257415266693,
  "カイリュー": 0.38122754098924955,
  "エンペルト": 0.17866300791272957,
  "ゲッコウガ": 0.41956838003898156,
  "クエスパトラ": 0.15642642974853516,
  "ムクホーク": 0.38190046325325966,
  "ユキメノコ": 0.11731982231140137,
  "ウォッシュロトム": 0.3338194972985558,
  "メガニウム": 0.1668548583984375,
  "ゲンガー": 0.236578793742781,
  "ラウドボーン": 2.9257789246547157,
  "ミロカロス": 0.4073604941368103,
  "バシャーモ": 6.068501803905693,
  "サザンドラ": 6.365007720887661,
  "ブリムオン": 0.5563658288309263,
  "スコヴィラン": 0.32588839530944824,
  "キラフロル": 0.43451786041259766,
  "ソウブレイズ": 0.8971362920537118,
  "ペンドラー": 0.12083569345122669,
  "カメックス": 1.890542515298518,
  "スターミー": 0.20856857299804688,
  "ドラミドロ": 0.11538644517147895,
  "オオニューラ": 0.4773755790665746,
  "メタグロス": 0.15625,
  "ドデカバシ": 1.2069940567016602,
  "オニシズクモ": 0.825467222256293,
  "サーフゴー": 1.5968043878985725,
  "カビゴン": 0.296630859375,
  "サーナイト": 0.8891308959652908,
  "ハラバリー": 0.20139282241871115,
  "イダイトウ(メス)": 2.4871490694474847,
  "マリルリ": 0.10086169637068294,
  "ユキノオー": 0.5625,
  "メタモン": 1.0,
  "ガブリアス": 7.5,
  "バイバニラ": 0.3476142883300781,
  "ギルガルド": 0.3687279605639333,
  "バンギラス": 0.18195430043401173,
  "ドヒドイデ": 0.1,
  "ズルズキン": 0.17185520846396685,
  "アシレーヌ": 4.4150149794776565,
  "ガラルヤドキング": 0.9655952453613281,
  "ニンフィア": 0.25174102802338894,
  "ハッサム": 0.12889140634797513,
  "カットロトム": 0.6752220547826591,
  "マスカーニャ": 0.5381093132930624,
  "マフォクシー": 0.5967194738332182,
  "ヒスイゾロアーク": 0.3055203706026077,
  "ヒスイヌメルゴン": 10.0,
  "ドドゲザン": 5.625,
  "バサギリ": 1.0926259896848478,
  "ウツボット": 0.5401776438261272,
  "ミミロップ": 0.28642534743994474,
  "カバルドン": 0.4521167816537315,
  "ヒスイダイケンキ": 3.9660279180540536,
  "オーロンゲ": 0.2534772790101225,
  "フシギバナ": 0.33796970534683,
  "ヤドラン": 6.428865678273128,
  "ペリッパー": 0.45196809768676754,
  "ラグラージ": 0.2797078501563716,
  "ヒートロトム": 0.938573120517378,
  "シビルドン": 0.20139282241871115,
  "エルフーン": 0.1,
  "ルカリオ": 1.1654677223305043,
  "エルレイド": 0.21481901057995856,
  "ジュペッタ": 0.44753960537491366,
  "ガメノデス": 0.33565470403118525,
  "ジュカイン": 0.17700541032894535,
  "エレザード": 0.15104461681403336
}