{
  "エンペルト": 1.328125,
  "ミミズズ": 0.5625,
  "ヤミラミ": 0.52734375,
  "ガオガエン": 0.9375,
  "サザンドラ": 1.1407520840624998,
  "スターミー": 0.9375,
  "ハラバリー": 0.87890625,
  "ギルガルド(シールド)": 0.9375,
  "ヒスイヌメルゴン": 1.0,
  "カエンジシ": 1.25,
  "ホルード": 1.25,
  "イダイトウ(メス)": 0.5625,
  "フシギバナ": 1.0740234375,
  "キラフロル": 0.75,
  "オオニューラ": 0.703125,
  "エアームド": 0.703125,
  "ガラルヤドキング": 1.0,
  "ウツボット": 1.25,
  "ライチュウ": 0.75,
  "ウルガモス": 1.0,
  "アシレーヌ": 0.8627506047590625,
  "ハッサム": 0.703125,
  "カバルドン": 1.25,
  "ペリッパー": 1.0,
  "ガメノデス": 0.75,
  "ユキノオー": 1.0,
  "アーマーガア": 1.0740234375,
  "カイリュー": 1.0259311575379448,
  "サーフゴー": 0.9956681588167651,
  "スコヴィラン": 0.5625,
  "ジュカイン": 0.75,
  "ゲッコウガ": 0.703125,
  "クエスパトラ": 0.5625,
  "バンギラス": 0.7447708124999999,
  "カメックス": 1.46484375,
  "ヒスイゾロアーク": 1.0,
  "ウォッシュロトム": 1.171875,
  "ペンドラー": 0.75,
  "リザードン": 1.148596309663086,
  "ガブリアス": 0.75,
  "エルレイド": 0.9375,
  "ラウドボーン": 1.1637043945312497,
  "シャンデラ": 1.0,
  "ブリガロン": 1.253786162508,
  "マフォクシー": 1.171875,
  "ニンフィア": 1.0,
  "グレンアルマ": 0.51553125,
  "オーロンゲ": 0.87890625,
  "ソウブレイズ": 0.9375,
  "ユキメノコ": 0.5625,
  "ポットデス": 1.0,
  "ミミッキュ": 1.5625,
  "エルフーン": 0.6761879718749999,
  "ドデカバシ": 0.75,
  "バシャーモ": 2.1162109375,
  "カットロトム": 1.25,
  "ヤバソチャ": 1.171875,
  "バサギリ": 1.25,
  "エレザード": 0.703125,
  "ルカリオ": 0.9375,
  "ヤドラン": 1.0,
  "サーナイト": 1.93950732421875,
  "ピクシー": 0.52734375,
  "アローラキュウコン": 1.0,
  "イダイトウ(オス)": 1.5625,
  "ドドゲザン": 1.7776171875,
  "ドラパルト": 1.1929921874999998,
  "ミミロップ": 0.5625,
  "クチート": 0.5647914982125001,
  "アローラライチュウ": 1.5625,
  "ギルガルド": 1.125,
  "ギルガルド(ブレード)": 1.25,
  "メタモン": 1.0,
  "ビビヨン": 1.0,
  "オニシズクモ": 0.5625,
  "マスカーニャ": 0.8452220765624999,
  "ブリジュラス": 1.316237643015625,
  "フラエッテ(えいえん)": 0.9375,
  "ギャラドス": 1.0612984078125,
  "ヒートロトム": 0.8126249999999999,
  "メタグロス": 0.9536524051564124,
  "ブラッキー": 0.87890625,
  "ハリーマン": 0.5625,
  "ドリュウズ": 1.0,
  "ブリムオン": 0.5625,
  "ドラミドロ": 1.46484375,
  "ラグラージ": 1.5742577812499998,
  "シビルドン": 0.75,
  "ジャローダ": 1.0835,
  "ガルーラ": 1.5625,
  "ヒスイダイケンキ": 1.0,
  "マリルリ": 1.5625,
  "ローブシン": 0.9165,
  "メガニウム": 0.31640625,
  "カビゴン": 1.0,
  "ゲンガー": 1.5625,
  "ズルズキン": 1.0,
  "ミロカロス": 0.9375,
  "バイバニラ": 1.25,
  "マンムー": 0.9375,
  "ジュペッタ": 1.171875,
  "コノヨザル": 1.145625,
  "ドヒドイデ": 0.5677734375,
  "ムクホーク": 1.25
}