{
  "ミミロップ": 0.6591796875,
  "ラウドボーン": 4.953994388024796,
  "ジャローダ": 0.60946875,
  "マフォクシー": 0.61798095703125,
  "ガメノデス": 0.87890625,
  "サーナイト": 0.4045202749315649,
  "ローブシン": 0.3185884952545165,
  "メタグロス": 1.6918236516589968,
  "カメックス": 1.5087425708770752,
  "カビゴン": 0.5625,
  "ハッサム": 0.2607107162475586,
  "ドヒドイデ": 1.936438606264801,
  "ライチュウ": 0.52734375,
  "ユキノオー": 1.0,
  "ヤドラン": 0.3955078125,
  "コノヨザル": 0.9439659118652342,
  "ヒスイヌメルゴン": 1.0,
  "サーフゴー": 0.8338393346645178,
  "アシレーヌ": 1.8808811231044176,
  "ルカリオ": 0.823974609375,
  "マスカーニャ": 1.0669420868072548,
  "オーロンゲ": 0.7778039434924722,
  "ニンフィア": 0.7724761962890625,
  "ペリッパー": 0.5625,
  "バンギラス": 0.3737330165560785,
  "ジュカイン": 0.6591796875,
  "ガオガエン": 0.9439659118652344,
  "ガラルヤドキング": 1.0,
  "リザードン": 1.0685876471186824,
  "イダイトウ(メス)": 1.2874603271484375,
  "ドデカバシ": 0.5625,
  "ラグラージ": 0.9093477620664194,
  "スターミー": 0.52734375,
  "ポットデス": 0.703125,
  "ウォッシュロトム": 1.1315569281578064,
  "ドリュウズ": 0.5625,
  "フシギバナ": 1.296339905820787,
  "ブリジュラス": 2.139349888439222,
  "サザンドラ": 0.9012838802221057,
  "クエスパトラ": 0.22247314453125,
  "カエンジシ": 1.5625,
  "ヒスイゾロアーク": 0.5625,
  "ガブリアス": 1.71661376953125,
  "アーマーガア": 0.7079744338989258,
  "バイバニラ": 0.52734375,
  "ヒートロトム": 1.9839477539062498,
  "シビルドン": 0.703125,
  "ミミッキュ": 1.0986328125,
  "ズルズキン": 0.494384765625,
  "カットロトム": 1.373291015625,
  "ゲンガー": 0.7241964340209961,
  "ギルガルド(シールド)": 0.5653042866318246,
  "バシャーモ": 3.800629900796437,
  "メタモン": 1.0,
  "ミミズズ": 0.421875,
  "ムクホーク": 0.87890625,
  "アローラキュウコン": 1.0,
  "ウルガモス": 1.25,
  "フラエッテ(えいえん)": 0.6591796875,
  "ブリガロン": 1.6229900341277759,
  "ユキメノコ": 0.3955078125,
  "ハラバリー": 0.4634857177734375,
  "シャンデラ": 0.9375,
  "ウツボット": 2.86102294921875,
  "ミロカロス": 1.373291015625,
  "ギルガルド": 0.415283203125,
  "ホルード": 1.342529296875,
  "メガニウム": 0.177978515625,
  "ギルガルド(ブレード)": 1.6204248822759837,
  "オオニューラ": 0.6591796875,
  "ブリムオン": 1.2874603271484375,
  "キラフロル": 0.87890625,
  "エアームド": 1.1159706115722656,
  "ブラッキー": 0.494384765625,
  "ドラミドロ": 0.5793571472167969,
  "ガルーラ": 1.1315569281578064,
  "エレザード": 0.9655952453613281,
  "カイリュー": 1.4593705628188136,
  "ジュペッタ": 0.61798095703125,
  "アローラライチュウ": 1.5087425708770752,
  "マンムー": 1.0986328125,
  "ペンドラー": 0.2607107162475586,
  "マリルリ": 0.9655952453613281,
  "イダイトウ(オス)": 2.35741026699543,
  "エンペルト": 1.6030389815568924,
  "クチート": 0.18150732813040588,
  "ヒスイダイケンキ": 1.0,
  "ピクシー": 2.589928271845565,
  "カバルドン": 3.3527612686157227,
  "ギャラドス": 0.7949029881945382,
  "ドドゲザン": 4.497528708343711,
  "ハリーマン": 0.52734375,
  "スコヴィラン": 0.421875,
  "オニシズクモ": 0.9655952453613281,
  "バサギリ": 1.02996826171875,
  "ゲッコウガ": 0.37078857421875,
  "ドラパルト": 0.3644834152510156,
  "エルフーン": 0.1,
  "グレンアルマ": 0.6041381835937499,
  "ソウブレイズ": 0.9052455425262451,
  "ヤミラミ": 0.37078857421875,
  "ヤバソチャ": 0.4708001017570495,
  "ビビヨン": 1.0,
  "エルレイド": 0.823974609375
}